MEGHALAYA,EASTERN WEST KHASI HILLS,MAIRANG,Dongbir,DONGBIR
MEGHALAYA,EASTERN WEST KHASI HILLS,MAIRANG,Dongbir,DONGGATE
MEGHALAYA,EASTERN WEST KHASI HILLS,MAIRANG,Dongbir,LUMARALONG
MEGHALAYA,EASTERN WEST KHASI HILLS,MAIRANG,Dongbir,SANGSHONG
MEGHALAYA,EASTERN WEST KHASI HILLS,MAIRANG,Dongki-ingding,DONGKIINGDING
MEGHALAYA,EASTERN WEST KHASI HILLS,MAIRANG,Dongki-ingding,MAWPIAH
MEGHALAYA,EASTERN WEST KHASI HILLS,MAIRANG,Dongki-ingding,PATHARLYNDAN
MEGHALAYA,EASTERN WEST KHASI HILLS,MAIRANG,Jakhong,JAKHONG
MEGHALAYA,EASTERN WEST KHASI HILLS,MAIRANG,Jakhong,UMPONGDENG
MEGHALAYA,EASTERN WEST KHASI HILLS,MAIRANG,Jakhong,UMSAKHLAWMYRIAW
MEGHALAYA,EASTERN WEST KHASI HILLS,MAIRANG,Ksehmawnai,DEMDNGIEM
MEGHALAYA,EASTERN WEST KHASI HILLS,MAIRANG,Ksehmawnai,KSEHMAWNAI
MEGHALAYA,EASTERN WEST KHASI HILLS,MAIRANG,Ksehmawnai,MAWLUMKYLLANG
MEGHALAYA,EASTERN WEST KHASI HILLS,MAIRANG,KYNRUD INCL LAITBYRSU,KYNRUD
MEGHALAYA,EASTERN WEST KHASI HILLS,MAIRANG,KYNRUD INCL LAITBYRSU,MAWIONGJADAP
MEGHALAYA,EASTERN WEST KHASI HILLS,MAIRANG,KYNRUD INCL LAITBYRSU,NONGSOHMAMAWDEMKHLA
MEGHALAYA,EASTERN WEST KHASI HILLS,MAIRANG,KYNRUD INCL LAITBYRSU,NONGSOHMAPDENGSHNONG
MEGHALAYA,EASTERN WEST KHASI HILLS,MAIRANG,KYNRUD INCL LAITBYRSU,PATHARSHIPIAH
MEGHALAYA,EASTERN WEST KHASI HILLS,MAIRANG,Kynsew,KYNSEW
MEGHALAYA,EASTERN WEST KHASI HILLS,MAIRANG,Kynsew,LADMIRI
MEGHALAYA,EASTERN WEST KHASI HILLS,MAIRANG,Kynsew,MAWSAWAKYNSEW
MEGHALAYA,EASTERN WEST KHASI HILLS,MAIRANG,Ladpnarrim,LADPNARRIM
MEGHALAYA,EASTERN WEST KHASI HILLS,MAIRANG,Ladpnarrim,LADPNARTHYMMAI
MEGHALAYA,EASTERN WEST KHASI HILLS,MAIRANG,Laitarted,LAITARTED
MEGHALAYA,EASTERN WEST KHASI HILLS,MAIRANG,Laitarted,LAITDIIANG
MEGHALAYA,EASTERN WEST KHASI HILLS,MAIRANG,Laitarted,LAITDIIANG LUMLAHSAW
MEGHALAYA,EASTERN WEST KHASI HILLS,MAIRANG,Laitarted,NONGRANGLAITARTED
MEGHALAYA,EASTERN WEST KHASI HILLS,MAIRANG,Langkyrteng,DEWSAWLANGKYRTENG
MEGHALAYA,EASTERN WEST KHASI HILLS,MAIRANG,Langkyrteng,KHARTHANGMAW
MEGHALAYA,EASTERN WEST KHASI HILLS,MAIRANG,Langkyrteng,KURBAHWAR
MEGHALAYA,EASTERN WEST KHASI HILLS,MAIRANG,Langkyrteng,LANGKYRTENG
MEGHALAYA,EASTERN WEST KHASI HILLS,MAIRANG,Langkyrteng,NONGTHLIEWSHARUM
MEGHALAYA,EASTERN WEST KHASI HILLS,MAIRANG,Langstiehrim,DOMMAWLUM
MEGHALAYA,EASTERN WEST KHASI HILLS,MAIRANG,Langstiehrim,LANGSTIEHRIM
MEGHALAYA,EASTERN WEST KHASI HILLS,MAIRANG,Langstiehrim,LUMIEW
MEGHALAYA,EASTERN WEST KHASI HILLS,MAIRANG,Langstiehrim,MAWSAWA
MEGHALAYA,EASTERN WEST KHASI HILLS,MAIRANG,Langstiehrim,MAWTHARAP
MEGHALAYA,EASTERN WEST KHASI HILLS,MAIRANG,Lawkynter,LAWKYNTER
MEGHALAYA,EASTERN WEST KHASI HILLS,MAIRANG,Lawkynter,MAWSNARNONGLYER
MEGHALAYA,EASTERN WEST KHASI HILLS,MAIRANG,Lawkynter,NONGKTIEHTHARIA
MEGHALAYA,EASTERN WEST KHASI HILLS,MAIRANG,Lawkynter,UMSHYIAP
MEGHALAYA,EASTERN WEST KHASI HILLS,MAIRANG,Lawkynter,UMTHOR
